id,koordinat_x_before,koordinat_y_before
3489,107.523,-6.88674
3490,107.523,-6.88685
3491,107.523,-6.88703
3492,107.523,-6.88727
3493,107.523,-6.88739
3494,107.522,-6.8875
3495,107.522,-6.88763
3496,107.522,-6.88768
3497,107.522,-6.88803
3498,107.522,-6.88809
3499,107.522,-6.88814
3500,107.522,-6.88821
3501,107.522,-6.88832
3502,107.522,-6.88843
3503,107.522,-6.88849
3504,107.522,-6.88858
3505,107.521,-6.88878
3506,107.521,-6.88892
3507,107.521,-6.88898
3508,107.521,-6.88902
3509,107.521,-6.88907
3510,107.521,-6.88918
3511,107.521,-6.88942
3512,107.521,-6.88964
3513,107.521,-6.88966
3514,107.521,-6.88971
3515,107.521,-6.88896
3516,107.521,-6.88875
3517,107.521,-6.88851
3518,107.521,-6.88845
3519,107.521,-6.88836
3520,107.521,-6.88829
3521,107.521,-6.88822
3522,107.522,-6.88815
3523,107.522,-6.88809
3524,107.522,-6.88808
3525,107.522,-6.88802
3526,107.522,-6.88794
3527,107.523,-6.88714
3528,107.523,-6.88638
3529,107.523,-6.88664
3530,107.523,-6.88682
3531,107.523,-6.88701
3532,107.523,-6.88725
3533,107.523,-6.88734
3534,107.523,-6.88746
3535,107.522,-6.88756
3536,107.522,-6.88763
3537,107.522,-6.88805
3538,107.522,-6.8881
3539,107.522,-6.88816
3540,107.522,-6.88823
3541,107.522,-6.8883
3542,107.522,-6.88839
3543,107.522,-6.88845
3544,107.522,-6.88851
3545,107.521,-6.88868
3546,107.521,-6.88885
3547,107.521,-6.88898
3548,107.521,-6.88902
3549,107.521,-6.88909
3550,107.521,-6.88915
3551,107.521,-6.88928
3552,107.521,-6.88951
3553,107.521,-6.88965
3554,107.521,-6.88972
3555,107.519,-6.89309
3556,107.521,-6.88878
3557,107.521,-6.8888
3558,107.521,-6.88851
3559,107.521,-6.88845
3560,107.521,-6.88836
3561,107.521,-6.88835
3562,107.522,-6.88826
3563,107.522,-6.88819
3564,107.522,-6.88815
3565,107.522,-6.88811
3566,107.522,-6.88804
3567,107.522,-6.8875
3568,107.523,-6.88706
3569,107.518,-6.89779
3570,107.515,-6.8972
3571,107.515,-6.89717
3572,107.515,-6.89716
3573,107.515,-6.89717
3574,107.517,-6.89699
3575,107.517,-6.89703
3576,107.517,-6.89706
3577,107.517,-6.89726
3578,107.518,-6.89775
3579,107.515,-6.89715
3580,107.515,-6.89714
3581,107.515,-6.89712
3582,107.517,-6.89698
3583,107.517,-6.89699
3584,107.517,-6.89703
3585,107.517,-6.89721
3586,107.552,-6.86896
3587,107.552,-6.86897
3588,107.552,-6.86906
3589,107.552,-6.86907
3590,107.552,-6.86915
3591,107.552,-6.86916
3592,107.552,-6.86929
3593,107.552,-6.86937
3594,107.553,-6.86944
3595,107.553,-6.86948
3596,107.553,-6.86969
3597,107.553,-6.86973
3598,107.553,-6.86988
3599,107.553,-6.86986
3600,107.554,-6.87009
3601,107.554,-6.87091
3602,107.554,-6.87094
3603,107.554,-6.87099
3604,107.554,-6.87106
3605,107.555,-6.8712
3606,107.555,-6.87126
3607,107.555,-6.87168
3608,107.555,-6.8717
3609,107.555,-6.87174
3610,107.555,-6.87184
3611,107.555,-6.8719
3612,107.555,-6.87222
3613,107.555,-6.87234
3614,107.555,-6.87242
3615,107.555,-6.87265
3616,107.555,-6.87272
3617,107.555,-6.87132
3618,107.554,-6.87112
3619,107.554,-6.87107
3620,107.554,-6.87099
3621,107.554,-6.87033
3622,107.554,-6.87026
3623,107.554,-6.87016
3624,107.553,-6.87011
3625,107.553,-6.87002
3626,107.553,-6.86997
3627,107.553,-6.8698
3628,107.553,-6.86976
3629,107.553,-6.86959
3630,107.553,-6.86954
3631,107.552,-6.86944
3632,107.552,-6.8694
3633,107.552,-6.86938
3634,107.552,-6.86903
3635,107.552,-6.86904
3636,107.552,-6.8691
3637,107.552,-6.86911
3638,107.552,-6.86912
3639,107.552,-6.86921
3640,107.552,-6.86923
3641,107.552,-6.86939
3642,107.553,-6.86941
3643,107.553,-6.86951
3644,107.553,-6.86953
3645,107.553,-6.86977
3646,107.553,-6.86979
3647,107.553,-6.86991
3648,107.553,-6.86997
3649,107.554,-6.8701
3650,107.554,-6.87019
3651,107.554,-6.87023
3652,107.554,-6.87031
3653,107.554,-6.8709
3654,107.554,-6.87094
3655,107.554,-6.871
3656,107.554,-6.87108
3657,107.555,-6.87111
3658,107.555,-6.87113
3659,107.555,-6.87121
3660,107.555,-6.87161
3661,107.555,-6.87167
3662,107.555,-6.87169
3663,107.555,-6.87172
3664,107.555,-6.87178
3665,107.555,-6.87189
3666,107.555,-6.87201
3667,107.555,-6.87229
3668,107.555,-6.87239
3669,107.555,-6.87251
3670,107.555,-6.87264
3671,107.555,-6.87129
3672,107.555,-6.87127
3673,107.554,-6.87112
3674,107.554,-6.87104
3675,107.554,-6.87097
3676,107.554,-6.87038
3677,107.554,-6.8703
3678,107.554,-6.87021
3679,107.554,-6.87015
3680,107.553,-6.87006
3681,107.553,-6.86999
3682,107.553,-6.86988
3683,107.553,-6.86977
3684,107.553,-6.86962
3685,107.553,-6.86955
3686,107.552,-6.86946
3687,107.552,-6.86944
3688,107.552,-6.86939
3689,107.545,-6.8684
3690,107.545,-6.86832
3691,107.545,-6.86827
3692,107.545,-6.86818
3693,107.545,-6.86807
3694,107.546,-6.86767
3695,107.546,-6.86756
3696,107.546,-6.86711
3697,107.547,-6.86689
3698,107.547,-6.86664
3699,107.547,-6.86634
3700,107.547,-6.86627
3701,107.547,-6.86613
3702,107.548,-6.86601
3703,107.548,-6.86562
3704,107.548,-6.86548
3705,107.548,-6.86533
3706,107.549,-6.86546
3707,107.55,-6.86558
3708,107.55,-6.86568
3709,107.551,-6.86538
3710,107.551,-6.86522
3711,107.551,-6.8647
3712,107.552,-6.86427
3713,107.552,-6.86363
3714,107.552,-6.86275
3715,107.552,-6.8627
3716,107.551,-6.86267
3717,107.551,-6.86253
3718,107.551,-6.86244
3719,107.55,-6.86214
3720,107.549,-6.86182
3721,107.549,-6.86173
3722,107.549,-6.86172
3723,107.549,-6.86157
3724,107.549,-6.86141
3725,107.548,-6.86133
3726,107.548,-6.86127
3727,107.548,-6.86114
3728,107.548,-6.86106
3729,107.548,-6.86099
3730,107.547,-6.86087
3731,107.547,-6.86085
3732,107.547,-6.86061
3733,107.547,-6.86059
3734,107.546,-6.8607
3735,107.546,-6.86095
3736,107.546,-6.86096
3737,107.545,-6.86109
3738,107.545,-6.86113
3739,107.545,-6.861
3740,107.546,-6.86088
3741,107.546,-6.86086
3742,107.546,-6.86069
3743,107.546,-6.86063
3744,107.546,-6.86062
3745,107.546,-6.86062
3746,107.546,-6.86058
3747,107.547,-6.86052
3748,107.547,-6.86052
3749,107.547,-6.86074
3750,107.548,-6.86084
3751,107.548,-6.86092
3752,107.548,-6.86098
3753,107.548,-6.86099
3754,107.548,-6.86101
3755,107.548,-6.86122
3756,107.549,-6.86137
3757,107.549,-6.86141
3758,107.549,-6.86149
3759,107.549,-6.8615
3760,107.55,-6.86181
3761,107.55,-6.862
3762,107.55,-6.86201
3763,107.551,-6.86244
3764,107.552,-6.86255
3765,107.552,-6.86271
3766,107.552,-6.86284
3767,107.552,-6.8632
3768,107.552,-6.86324
3769,107.552,-6.8633
3770,107.552,-6.86338
3771,107.552,-6.86346
3772,107.552,-6.86361
3773,107.552,-6.86371
3774,107.552,-6.86373
3775,107.552,-6.86431
3776,107.552,-6.86453
3777,107.551,-6.86477
3778,107.551,-6.86524
3779,107.551,-6.86525
3780,107.551,-6.86553
3781,107.55,-6.86568
3782,107.549,-6.86555
3783,107.549,-6.86545
3784,107.549,-6.8653
3785,107.548,-6.86543
3786,107.548,-6.86562
3787,107.548,-6.86573
3788,107.548,-6.86586
3789,107.548,-6.86613
3790,107.548,-6.86623
3791,107.547,-6.86638
3792,107.547,-6.86643
3793,107.547,-6.86649
3794,107.547,-6.8666
3795,107.547,-6.86664
3796,107.547,-6.86686
3797,107.547,-6.86716
3798,107.547,-6.86719
3799,107.546,-6.86757
3800,107.546,-6.8678
3801,107.545,-6.86824
3802,107.545,-6.86826
3803,107.545,-6.86827
3804,107.545,-6.86829
3805,107.545,-6.86841
3806,107.545,-6.86843
3807,107.545,-6.86838
3808,107.545,-6.86832
3809,107.545,-6.86824
3810,107.545,-6.86814
3811,107.546,-6.86807
3812,107.546,-6.86764
3813,107.546,-6.86717
3814,107.547,-6.86693
3815,107.547,-6.86684
3816,107.547,-6.86642
3817,107.547,-6.86631
3818,107.547,-6.86622
3819,107.548,-6.86606
3820,107.548,-6.86595
3821,107.548,-6.86552
3822,107.548,-6.86538
3823,107.549,-6.86545
3824,107.55,-6.86555
3825,107.55,-6.8656
3826,107.55,-6.86558
3827,107.551,-6.86529
3828,107.551,-6.86501
3829,107.551,-6.86443
3830,107.552,-6.86395
3831,107.552,-6.86303
3832,107.552,-6.86275
3833,107.552,-6.86268
3834,107.551,-6.86253
3835,107.55,-6.8619
3836,107.549,-6.86175
3837,107.549,-6.86173
3838,107.549,-6.86161
3839,107.549,-6.86145
3840,107.548,-6.86136
3841,107.548,-6.86128
3842,107.548,-6.86121
3843,107.548,-6.8611
3844,107.548,-6.86103
3845,107.548,-6.86093
3846,107.547,-6.86074
3847,107.547,-6.86066
3848,107.546,-6.8607
3849,107.546,-6.86071
3850,107.546,-6.86091
3851,107.546,-6.861
3852,107.545,-6.86105
3853,107.545,-6.8612
3854,107.545,-6.86094
3855,107.546,-6.86082
3856,107.546,-6.8608
3857,107.546,-6.86075
3858,107.546,-6.86073
3859,107.546,-6.86058
3860,107.546,-6.86056
3861,107.547,-6.86055
3862,107.547,-6.86054
3863,107.547,-6.8605
3864,107.547,-6.86061
3865,107.547,-6.86063
3866,107.547,-6.86064
3867,107.548,-6.86107
3868,107.549,-6.8613
3869,107.549,-6.8614
3870,107.549,-6.86142
3871,107.549,-6.86144
3872,107.55,-6.86187
3873,107.55,-6.86211
3874,107.551,-6.86219
3875,107.551,-6.86246
3876,107.552,-6.86266
3877,107.552,-6.86275
3878,107.552,-6.86324
3879,107.552,-6.86327
3880,107.552,-6.86333
3881,107.552,-6.86334
3882,107.552,-6.86342
3883,107.552,-6.86344
3884,107.552,-6.8636
3885,107.552,-6.86367
3886,107.552,-6.86368
3887,107.551,-6.86522
3888,107.551,-6.86526
3889,107.551,-6.86531
3890,107.55,-6.86578
3891,107.55,-6.86579
3892,107.55,-6.86561
3893,107.548,-6.86536
3894,107.548,-6.86551
3895,107.548,-6.86576
3896,107.548,-6.86618
3897,107.547,-6.86631
3898,107.547,-6.86654
3899,107.547,-6.86655
3900,107.547,-6.86664
3901,107.547,-6.86678
3902,107.547,-6.86687
3903,107.547,-6.86691
3904,107.546,-6.86731
3905,107.546,-6.86737
3906,107.546,-6.86812
3907,107.546,-6.86814
3908,107.545,-6.86822
3909,107.545,-6.86832
3910,107.545,-6.86837
3911,107.545,-6.86848
3912,107.55,-6.87638
3913,107.551,-6.87531
3914,107.551,-6.87526
3915,107.551,-6.87487
3916,107.553,-6.87258
3917,107.553,-6.87237
3918,107.554,-6.87256
3919,107.554,-6.87257
3920,107.556,-6.87261
3921,107.557,-6.87208
3922,107.563,-6.86354
3923,107.563,-6.86338
3924,107.563,-6.86344
3925,107.563,-6.86306
3926,107.56,-6.86818
3927,107.56,-6.86843
3928,107.559,-6.86949
3929,107.558,-6.87023
3930,107.556,-6.87257
3931,107.556,-6.87262
3932,107.556,-6.8727
3933,107.553,-6.87251
3934,107.553,-6.87254
3935,107.553,-6.87283
3936,107.553,-6.87287
3937,107.553,-6.87296
3938,107.553,-6.873
3939,107.553,-6.87312
3940,107.553,-6.87316
3941,107.553,-6.87328
3942,107.552,-6.87354
3943,107.552,-6.8736
3944,107.55,-6.87624
3945,107.551,-6.87509
3946,107.551,-6.87495
3947,107.553,-6.8723
3948,107.554,-6.8724
3949,107.554,-6.87265
3950,107.555,-6.87293
3951,107.563,-6.86434
3952,107.563,-6.86368
3953,107.563,-6.86346
3954,107.563,-6.86344
3955,107.563,-6.86341
3956,107.56,-6.86809
3957,107.558,-6.86973
3958,107.558,-6.87022
3959,107.557,-6.8718
3960,107.553,-6.87249
3961,107.553,-6.87259
3962,107.553,-6.87291
3963,107.553,-6.87296
3964,107.553,-6.87305
3965,107.553,-6.87309
3966,107.553,-6.8732
3967,107.553,-6.87325
3968,107.552,-6.87352
3969,107.527,-6.88256
3970,107.527,-6.88265
3971,107.527,-6.88271
3972,107.527,-6.88275
3973,107.527,-6.8828
3974,107.527,-6.88286
3975,107.527,-6.88299
3976,107.527,-6.88301
3977,107.527,-6.88304
3978,107.527,-6.88313
3979,107.528,-6.88316
3980,107.528,-6.88322
3981,107.528,-6.88327
3982,107.528,-6.88332
3983,107.528,-6.8834
3984,107.528,-6.88346
3985,107.528,-6.8835
3986,107.528,-6.88355
3987,107.528,-6.88357
3988,107.528,-6.88367
3989,107.53,-6.88122
3990,107.53,-6.88139
3991,107.53,-6.88148
3992,107.53,-6.88159
3993,107.53,-6.8817
3994,107.53,-6.88179
3995,107.53,-6.88191
3996,107.53,-6.88201
3997,107.53,-6.88214
3998,107.527,-6.8827
3999,107.527,-6.88275
4000,107.527,-6.88279
4001,107.527,-6.88284
4002,107.527,-6.88288
4003,107.527,-6.88295
4004,107.527,-6.88303
4005,107.527,-6.88306
4006,107.527,-6.88312
4007,107.528,-6.88316
4008,107.528,-6.88323
4009,107.528,-6.88327
4010,107.528,-6.88334
4011,107.528,-6.88339
4012,107.528,-6.88347
4013,107.528,-6.88354
4014,107.528,-6.88357
4015,107.528,-6.88361
4016,107.528,-6.88363
4017,107.529,-6.88363
4018,107.53,-6.88119
4019,107.53,-6.88141
4020,107.53,-6.88147
4021,107.53,-6.88154
4022,107.53,-6.88163
4023,107.53,-6.8817
4024,107.53,-6.88176
4025,107.53,-6.88185
4026,107.53,-6.88198
4027,107.53,-6.88207
4028,107.53,-6.88218
4029,107.53,-6.88225
4030,107.53,-6.88233
4031,107.53,-6.88238
4032,107.529,-6.88242
4033,107.529,-6.88244
4034,107.529,-6.88251
4035,107.529,-6.88253
4036,107.529,-6.88256
4037,107.529,-6.8826
4038,107.529,-6.88262
4039,107.529,-6.88275
4040,107.529,-6.88278
4041,107.529,-6.88284
4042,107.529,-6.88287
4043,107.529,-6.88294
4044,107.529,-6.88298
4045,107.529,-6.88307
4046,107.529,-6.88315
4047,107.529,-6.88322
4048,107.529,-6.88325
4049,107.529,-6.88326
4050,107.529,-6.8833
4051,107.529,-6.88332
4052,107.529,-6.88339
4053,107.529,-6.8834
4054,107.529,-6.8835
4055,107.529,-6.88355
4056,107.529,-6.88363
4057,107.534,-6.90384
4058,107.532,-6.90375
4059,107.532,-6.90375
4060,107.531,-6.90393
4061,107.53,-6.90396
4062,107.53,-6.90409
4063,107.53,-6.9041
4064,107.53,-6.90411
4065,107.53,-6.90412
4066,107.53,-6.90416
4067,107.529,-6.90419
4068,107.529,-6.90426
4069,107.529,-6.90426
4070,107.529,-6.90431
4071,107.529,-6.90432
4072,107.529,-6.90433
4073,107.529,-6.90434
4074,107.529,-6.90435
4075,107.529,-6.9044
4076,107.528,-6.90444
4077,107.528,-6.90446
4078,107.528,-6.9045
4079,107.528,-6.90452
4080,107.528,-6.90454
4081,107.528,-6.9046
4082,107.528,-6.90462
4083,107.526,-6.90503
4084,107.526,-6.90513
4085,107.525,-6.90529
4086,107.525,-6.90538
4087,107.524,-6.90556
4088,107.524,-6.9056
4089,107.524,-6.90565
4090,107.524,-6.90565
4091,107.524,-6.90568
4092,107.523,-6.90585
4093,107.523,-6.90594
4094,107.522,-6.90597
4095,107.522,-6.90606
4096,107.522,-6.90613
4097,107.521,-6.90623
4098,107.521,-6.90618
4099,107.52,-6.90611
4100,107.52,-6.90606
4101,107.52,-6.90589
4102,107.52,-6.90587
4103,107.519,-6.90578
4104,107.519,-6.90577
4105,107.518,-6.90496
4106,107.518,-6.90468
4107,107.518,-6.9041
4108,107.518,-6.90406
4109,107.518,-6.90384
4110,107.518,-6.90382
4111,107.518,-6.90372
4112,107.517,-6.90359
4113,107.517,-6.90339
4114,107.517,-6.9033
4115,107.517,-6.90312
4116,107.517,-6.90301
4117,107.516,-6.90287
4118,107.516,-6.9024
4119,107.516,-6.90217
4120,107.515,-6.9006
4121,107.515,-6.89996
4122,107.515,-6.89985
4123,107.515,-6.89889
4124,107.515,-6.90016
4125,107.515,-6.90042
4126,107.518,-6.90511
4127,107.518,-6.90518
4128,107.518,-6.90528
4129,107.519,-6.90549
4130,107.519,-6.90554
4131,107.52,-6.90583
4132,107.52,-6.90584
4133,107.52,-6.90592
4134,107.52,-6.90593
4135,107.521,-6.90604
4136,107.522,-6.90596
4137,107.522,-6.90594
4138,107.523,-6.90581
4139,107.523,-6.90578
4140,107.523,-6.90577
4141,107.523,-6.90569
4142,107.523,-6.90565
4143,107.523,-6.90561
4144,107.524,-6.90559
4145,107.524,-6.90548
4146,107.525,-6.90523
4147,107.525,-6.90515
4148,107.526,-6.90505
4149,107.527,-6.90461
4150,107.528,-6.90452
4151,107.528,-6.90447
4152,107.53,-6.90408
4153,107.53,-6.90405
4154,107.53,-6.90401
4155,107.53,-6.90394
4156,107.532,-6.90375
4157,107.532,-6.90376
4158,107.532,-6.90375
4159,107.53,-6.90394
4160,107.53,-6.90408
4161,107.53,-6.9041
4162,107.53,-6.90412
4163,107.53,-6.90414
4164,107.53,-6.90416
4165,107.529,-6.90418
4166,107.529,-6.90422
4167,107.529,-6.90426
4168,107.529,-6.9043
4169,107.529,-6.90432
4170,107.529,-6.90434
4171,107.529,-6.90435
4172,107.529,-6.90436
4173,107.529,-6.90438
4174,107.528,-6.90443
4175,107.528,-6.90447
4176,107.528,-6.90449
4177,107.528,-6.90452
4178,107.528,-6.90454
4179,107.528,-6.9046
4180,107.528,-6.90462
4181,107.526,-6.905
4182,107.526,-6.90506
4183,107.525,-6.90528
4184,107.525,-6.90535
4185,107.524,-6.90549
4186,107.524,-6.90556
4187,107.524,-6.90565
4188,107.524,-6.90565
4189,107.524,-6.90567
4190,107.523,-6.90578
4191,107.523,-6.90586
4192,107.522,-6.90596
4193,107.522,-6.90597
4194,107.522,-6.90608
4195,107.521,-6.90619
4196,107.521,-6.90622
4197,107.52,-6.90612
4198,107.52,-6.90608
4199,107.52,-6.90603
4200,107.52,-6.9059
4201,107.519,-6.90582
4202,107.519,-6.90574
4203,107.518,-6.9053
4204,107.518,-6.90498
4205,107.518,-6.90471
4206,107.518,-6.90409
4207,107.518,-6.90405
4208,107.518,-6.90384
4209,107.518,-6.90377
4210,107.517,-6.90364
4211,107.517,-6.9036
4212,107.517,-6.90339
4213,107.517,-6.90319
4214,107.517,-6.9031
4215,107.516,-6.90289
4216,107.516,-6.90277
4217,107.516,-6.90224
4218,107.515,-6.90068
4219,107.515,-6.90055
4220,107.515,-6.89995
4221,107.515,-6.89968
4222,107.515,-6.90009
4223,107.515,-6.90038
4224,107.516,-6.9014
4225,107.518,-6.90518
4226,107.518,-6.90529
4227,107.519,-6.90547
4228,107.519,-6.90551
4229,107.519,-6.90563
4230,107.52,-6.90584
4231,107.52,-6.90588
4232,107.52,-6.90595
4233,107.521,-6.90611
4234,107.522,-6.906
4235,107.522,-6.90597
4236,107.522,-6.90593
4237,107.523,-6.90581
4238,107.523,-6.90579
4239,107.523,-6.90577
4240,107.523,-6.90568
4241,107.523,-6.90565
4242,107.524,-6.90563
4243,107.524,-6.9055
4244,107.524,-6.90548
4245,107.525,-6.90522
4246,107.525,-6.90515
4247,107.526,-6.90507
4248,107.527,-6.90463
4249,107.528,-6.90454
4250,107.528,-6.90448
4251,107.53,-6.90406
4252,107.53,-6.90405
4253,107.53,-6.90396
4254,107.53,-6.90392
4255,107.556,-6.88657
4256,107.556,-6.88648
4257,107.557,-6.88455
4258,107.557,-6.88406
4259,107.557,-6.88393
4260,107.557,-6.88385
4261,107.557,-6.88378
4262,107.557,-6.88372
4263,107.557,-6.88365
4264,107.558,-6.88218
4265,107.558,-6.88213
4266,107.558,-6.88205
4267,107.558,-6.8814
4268,107.558,-6.88118
4269,107.559,-6.88021
4270,107.559,-6.88019
4271,107.559,-6.88015
4272,107.559,-6.88008
4273,107.559,-6.88002
4274,107.559,-6.87998
4275,107.559,-6.87993
4276,107.559,-6.87987
4277,107.559,-6.87982
4278,107.559,-6.87975
4279,107.559,-6.87777
4280,107.559,-6.87767
4281,107.56,-6.87637
4282,107.562,-6.87194
4283,107.562,-6.87198
4284,107.562,-6.87207
4285,107.562,-6.872
4286,107.56,-6.87623
4287,107.56,-6.87634
4288,107.558,-6.88259
4289,107.558,-6.88266
4290,107.558,-6.88321
4291,107.557,-6.88341
4292,107.557,-6.88343
4293,107.557,-6.88366
4294,107.557,-6.88382
4295,107.557,-6.88387
4296,107.557,-6.88412
4297,107.557,-6.88543
4298,107.557,-6.88549
4299,107.557,-6.88552
4300,107.557,-6.88557
4301,107.556,-6.88787
4302,107.56,-6.87606
4303,107.56,-6.87595
4304,107.56,-6.87591
4305,107.56,-6.87585
4306,107.559,-6.87579
4307,107.559,-6.87566
4308,107.559,-6.87561
4309,107.559,-6.87553
4310,107.559,-6.87544
4311,107.559,-6.87541
4312,107.559,-6.87535
4313,107.559,-6.87521
4314,107.558,-6.8749
4315,107.558,-6.87491
4316,107.557,-6.8742
4317,107.557,-6.87405
4318,107.556,-6.874
4319,107.557,-6.8745
4320,107.557,-6.87452
4321,107.557,-6.87453
4322,107.557,-6.87454
4323,107.56,-6.87603
4324,107.537,-6.89242
4325,107.537,-6.89242
4326,107.537,-6.89242
4327,107.539,-6.8924
4328,107.539,-6.8924
4329,107.539,-6.8924
4330,107.539,-6.89239
4331,107.54,-6.89242
4332,107.54,-6.89243
4333,107.54,-6.89243
4334,107.54,-6.89244
4335,107.54,-6.89244
4336,107.54,-6.89245
4337,107.541,-6.89284
4338,107.541,-6.89286
4339,107.541,-6.89376
4340,107.542,-6.8953
4341,107.542,-6.89542
4342,107.542,-6.89561
4343,107.543,-6.89671
4344,107.543,-6.89695
4345,107.543,-6.89698
4346,107.543,-6.89703
4347,107.543,-6.89819
4348,107.543,-6.89831
4349,107.543,-6.89836
4350,107.543,-6.8984
4351,107.543,-6.89844
4352,107.544,-6.89922
4353,107.544,-6.89924
4354,107.544,-6.89926
4355,107.544,-6.89928
4356,107.544,-6.89967
4357,107.544,-6.89973
4358,107.544,-6.90023
4359,107.544,-6.90029
4360,107.544,-6.9003
4361,107.544,-6.90033
4362,107.544,-6.90037
4363,107.544,-6.90086
4364,107.545,-6.90097
4365,107.545,-6.90102
4366,107.545,-6.90104
4367,107.544,-6.90115
4368,107.544,-6.90048
4369,107.544,-6.90046
4370,107.544,-6.90045
4371,107.544,-6.90034
4372,107.544,-6.90031
4373,107.544,-6.89996
4374,107.544,-6.89995
4375,107.544,-6.89985
4376,107.544,-6.89983
4377,107.544,-6.89981
4378,107.544,-6.89966
4379,107.544,-6.89964
4380,107.544,-6.89963
4381,107.542,-6.89498
4382,107.542,-6.89489
4383,107.541,-6.89449
4384,107.541,-6.89409
4385,107.541,-6.89406
4386,107.541,-6.89404
4387,107.541,-6.89367
4388,107.541,-6.89354
4389,107.541,-6.89346
4390,107.541,-6.89344
4391,107.541,-6.89298
4392,107.541,-6.89292
4393,107.541,-6.8929
4394,107.541,-6.89284
4395,107.541,-6.89283
4396,107.541,-6.89272
4397,107.54,-6.8927
4398,107.54,-6.89263
4399,107.54,-6.89261
4400,107.54,-6.89255
4401,107.54,-6.89254
4402,107.54,-6.89253
4403,107.539,-6.89254
4404,107.539,-6.89255
4405,107.539,-6.89258
4406,107.539,-6.89258
4407,107.539,-6.89258
4408,107.538,-6.89259
4409,107.538,-6.89259
4410,107.538,-6.89258
4411,107.538,-6.89258
4412,107.538,-6.89262
4413,107.538,-6.89262
4414,107.538,-6.89262
4415,107.538,-6.89262
4416,107.537,-6.89261
4417,107.537,-6.89261
4418,107.537,-6.89262
4419,107.537,-6.89261
4420,107.537,-6.89261
4421,107.537,-6.89261
4422,107.542,-6.89492
4423,107.542,-6.89583
4424,107.542,-6.89619
4425,107.542,-6.89613
4426,107.542,-6.89605
4427,107.542,-6.89583
4428,107.542,-6.89565
4429,107.542,-6.89553
4430,107.537,-6.89241
4431,107.537,-6.89241
4432,107.537,-6.89241
4433,107.537,-6.89242
4434,107.537,-6.89242
4435,107.537,-6.89242
4436,107.537,-6.89242
4437,107.537,-6.89242
4438,107.537,-6.89241
4439,107.537,-6.89242
4440,107.537,-6.89243
4441,107.538,-6.89243
4442,107.538,-6.89242
4443,107.538,-6.89242
4444,107.538,-6.89243
4445,107.538,-6.89243
4446,107.538,-6.89242
4447,107.538,-6.89242
4448,107.538,-6.89241
4449,107.538,-6.89241
4450,107.538,-6.89241
4451,107.538,-6.89241
4452,107.538,-6.8924
4453,107.538,-6.8924
4454,107.539,-6.8924
4455,107.539,-6.89241
4456,107.539,-6.89239
4457,107.539,-6.89239
4458,107.54,-6.89248
4459,107.54,-6.89251
4460,107.54,-6.89252
4461,107.54,-6.89255
4462,107.541,-6.89266
4463,107.541,-6.89275
4464,107.541,-6.89277
4465,107.541,-6.89281
4466,107.541,-6.89288
4467,107.541,-6.89291
4468,107.541,-6.89292
4469,107.541,-6.89297
4470,107.541,-6.89301
4471,107.541,-6.89361
4472,107.542,-6.89537
4473,107.542,-6.89565
4474,107.542,-6.8957
4475,107.542,-6.89572
4476,107.542,-6.89574
4477,107.542,-6.89577
4478,107.542,-6.89579
4479,107.542,-6.89582
4480,107.542,-6.89584
4481,107.542,-6.89586
4482,107.542,-6.89588
4483,107.542,-6.89591
4484,107.542,-6.89596
4485,107.542,-6.896
4486,107.542,-6.89604
4487,107.542,-6.89608
4488,107.542,-6.89613
4489,107.542,-6.89616
4490,107.542,-6.89619
4491,107.542,-6.89622
4492,107.543,-6.89626
4493,107.543,-6.89629
4494,107.543,-6.8964
4495,107.543,-6.89644
4496,107.543,-6.89658
4497,107.543,-6.89662
4498,107.543,-6.89825
4499,107.543,-6.89833
4500,107.543,-6.89838
4501,107.543,-6.89865
4502,107.544,-6.89904
4503,107.544,-6.89907
4504,107.544,-6.89909
4505,107.544,-6.89916
4506,107.544,-6.89918
4507,107.544,-6.89937
4508,107.544,-6.89939
4509,107.544,-6.89948
4510,107.544,-6.89952
4511,107.544,-6.89955
4512,107.544,-6.89958
4513,107.544,-6.8996
4514,107.544,-6.89964
4515,107.544,-6.90041
4516,107.544,-6.90043
4517,107.544,-6.90048
4518,107.544,-6.90052
4519,107.544,-6.90058
4520,107.544,-6.90066
4521,107.544,-6.90072
4522,107.544,-6.90079
4523,107.544,-6.90083
4524,107.545,-6.90093
4525,107.544,-6.90124
4526,107.544,-6.90122
4527,107.544,-6.90119
4528,107.544,-6.90109
4529,107.544,-6.90102
4530,107.544,-6.90099
4531,107.544,-6.90094
4532,107.544,-6.90091
4533,107.544,-6.90088
4534,107.544,-6.90083
4535,107.544,-6.90075
4536,107.544,-6.90072
4537,107.544,-6.90067
4538,107.544,-6.9006
4539,107.544,-6.90055
4540,107.544,-6.90053
4541,107.544,-6.90049
4542,107.544,-6.90008
4543,107.544,-6.90007
4544,107.544,-6.90006
4545,107.544,-6.90005
4546,107.544,-6.90002
4547,107.544,-6.89993
4548,107.544,-6.89989
4549,107.544,-6.8998
4550,107.544,-6.89977
4551,107.544,-6.89971
4552,107.544,-6.89969
4553,107.544,-6.89955
4554,107.544,-6.89954
4555,107.544,-6.89952
4556,107.544,-6.8995
4557,107.544,-6.89939
4558,107.544,-6.89934
4559,107.543,-6.89869
4560,107.543,-6.89865
4561,107.543,-6.89864
4562,107.543,-6.89859
4563,107.543,-6.89855
4564,107.543,-6.89763
4565,107.543,-6.89756
4566,107.542,-6.8967
4567,107.542,-6.89665
4568,107.542,-6.8963
4569,107.542,-6.89626
4570,107.542,-6.89598
4571,107.542,-6.89524
4572,107.542,-6.89508
4573,107.542,-6.89493
4574,107.541,-6.89443
4575,107.541,-6.89399
4576,107.541,-6.89341
4577,107.541,-6.89338
4578,107.541,-6.89334
4579,107.541,-6.89329
4580,107.541,-6.89327
4581,107.541,-6.89325
4582,107.541,-6.89315
4583,107.541,-6.89313
4584,107.541,-6.89309
4585,107.541,-6.89305
4586,107.541,-6.89302
4587,107.541,-6.89294
4588,107.541,-6.89288
4589,107.541,-6.89276
4590,107.541,-6.89274
4591,107.54,-6.89267
4592,107.54,-6.89264
4593,107.54,-6.8926
4594,107.54,-6.89259
4595,107.54,-6.89257
4596,107.54,-6.89256
4597,107.54,-6.89256
4598,107.54,-6.89256
4599,107.54,-6.89255
4600,107.54,-6.89256
4601,107.54,-6.89255
4602,107.54,-6.89253
4603,107.539,-6.89255
4604,107.539,-6.89258
4605,107.538,-6.89259
4606,107.538,-6.89257
4607,107.538,-6.89261
4608,107.538,-6.89262
4609,107.538,-6.89262
4610,107.537,-6.89261
4611,107.537,-6.89261
4612,107.537,-6.89261
4613,107.537,-6.89262
4614,107.542,-6.89427
4615,107.542,-6.89433
4616,107.542,-6.89441
4617,107.542,-6.89449
4618,107.542,-6.89457
4619,107.542,-6.89465
4620,107.542,-6.89475
4621,107.542,-6.89483
4622,107.542,-6.89503
4623,107.542,-6.89535
4624,107.542,-6.89555
4625,107.542,-6.89565
4626,107.542,-6.89589
4627,107.542,-6.89595
4628,107.542,-6.89617
4629,107.542,-6.89598
4630,107.542,-6.89593
4631,107.542,-6.89589
4632,107.542,-6.89586
4633,107.542,-6.8955
4634,107.542,-6.89545
4635,107.542,-6.89541
4636,107.542,-6.89531
4637,107.542,-6.89495
4638,107.542,-6.8949
4639,107.542,-6.89486
4640,107.542,-6.89478
4641,107.542,-6.8947
4642,107.542,-6.89463
4643,107.542,-6.89455
4644,107.535,-6.902
4645,107.535,-6.90194
4646,107.535,-6.90183
4647,107.535,-6.9018
4648,107.535,-6.9017
4649,107.535,-6.90167
4650,107.535,-6.9016
4651,107.536,-6.90134
4652,107.536,-6.90128
4653,107.536,-6.90118
4654,107.536,-6.90116
4655,107.536,-6.90113
4656,107.536,-6.9011
4657,107.536,-6.90088
4658,107.536,-6.90086
4659,107.536,-6.90072
4660,107.536,-6.90064
4661,107.536,-6.90063
4662,107.536,-6.9006
4663,107.536,-6.90057
4664,107.536,-6.9005
4665,107.536,-6.90047
4666,107.536,-6.90043
4667,107.536,-6.90037
4668,107.536,-6.90034
4669,107.536,-6.90029
4670,107.536,-6.9002
4671,107.536,-6.90017
4672,107.536,-6.90007
4673,107.536,-6.90005
4674,107.536,-6.90003
4675,107.536,-6.9
4676,107.536,-6.89997
4677,107.536,-6.89994
4678,107.536,-6.89991
4679,107.536,-6.89985
4680,107.536,-6.89912
4681,107.536,-6.89907
4682,107.536,-6.89903
4683,107.536,-6.89899
4684,107.536,-6.89895
4685,107.536,-6.89891
4686,107.536,-6.89886
4687,107.536,-6.89881
4688,107.536,-6.89876
4689,107.536,-6.89871
4690,107.536,-6.89867
4691,107.536,-6.89861
4692,107.536,-6.89856
4693,107.536,-6.89853
4694,107.536,-6.89848
4695,107.536,-6.89844
4696,107.536,-6.89806
4697,107.536,-6.89798
4698,107.536,-6.89782
4699,107.536,-6.89761
4700,107.537,-6.89287
4701,107.537,-6.8912
4702,107.537,-6.89102
4703,107.537,-6.89087
4704,107.537,-6.89079
4705,107.537,-6.89075
4706,107.537,-6.89068
4707,107.537,-6.89061
4708,107.537,-6.89057
4709,107.537,-6.89053
4710,107.537,-6.89048
4711,107.537,-6.88985
4712,107.537,-6.88967
4713,107.537,-6.88963
4714,107.537,-6.88951
4715,107.537,-6.88926
4716,107.537,-6.88923
4717,107.537,-6.88917
4718,107.537,-6.88783
4719,107.537,-6.88759
4720,107.538,-6.88677
4721,107.538,-6.88674
4722,107.538,-6.88672
4723,107.538,-6.88662
4724,107.538,-6.88659
4725,107.538,-6.88656
4726,107.538,-6.88653
4727,107.538,-6.88651
4728,107.538,-6.88634
4729,107.538,-6.88627
4730,107.538,-6.88624
4731,107.538,-6.88619
4732,107.538,-6.88606
4733,107.538,-6.88601
4734,107.538,-6.8859
4735,107.538,-6.88635
4736,107.538,-6.88637
4737,107.538,-6.88642
4738,107.538,-6.88648
4739,107.538,-6.88651
4740,107.538,-6.88653
4741,107.538,-6.88655
4742,107.538,-6.88684
4743,107.538,-6.88686
4744,107.537,-6.889
4745,107.537,-6.88903
4746,107.537,-6.88906
4747,107.537,-6.8891
4748,107.537,-6.88929
4749,107.537,-6.88953
4750,107.537,-6.88957
4751,107.537,-6.8896
4752,107.537,-6.88965
4753,107.537,-6.88971
4754,107.537,-6.88977
4755,107.537,-6.88978
4756,107.537,-6.88981
4757,107.537,-6.89045
4758,107.537,-6.89049
4759,107.537,-6.8906
4760,107.537,-6.89069
4761,107.537,-6.89071
4762,107.537,-6.89073
4763,107.537,-6.89101
4764,107.537,-6.89148
4765,107.537,-6.89154
4766,107.537,-6.89298
4767,107.537,-6.8931
4768,107.537,-6.89317
4769,107.537,-6.89322
4770,107.537,-6.89331
4771,107.537,-6.89346
4772,107.537,-6.89353
4773,107.537,-6.8938
4774,107.537,-6.89386
4775,107.537,-6.89391
4776,107.537,-6.89397
4777,107.537,-6.89415
4778,107.537,-6.89426
4779,107.537,-6.89454
4780,107.537,-6.89465
4781,107.537,-6.89479
4782,107.537,-6.89581
4783,107.537,-6.89586
4784,107.537,-6.89597
4785,107.537,-6.89602
4786,107.537,-6.89614
4787,107.537,-6.89618
4788,107.537,-6.89636
4789,107.537,-6.89645
4790,107.537,-6.8965
4791,107.537,-6.89729
4792,107.537,-6.89754
4793,107.537,-6.89761
4794,107.537,-6.89765
4795,107.537,-6.8978
4796,107.537,-6.89783
4797,107.537,-6.89785
4798,107.537,-6.89787
4799,107.537,-6.89797
4800,107.537,-6.89838
4801,107.537,-6.89846
4802,107.537,-6.89849
4803,107.537,-6.89852
4804,107.537,-6.89856
4805,107.537,-6.8986
4806,107.537,-6.89868
4807,107.537,-6.89871
4808,107.537,-6.89873
4809,107.537,-6.89877
4810,107.537,-6.89881
4811,107.537,-6.89885
4812,107.537,-6.89888
4813,107.536,-6.89975
4814,107.536,-6.89981
4815,107.536,-6.90034
4816,107.536,-6.9005
4817,107.536,-6.90091
4818,107.536,-6.90123
4819,107.536,-6.90125
4820,107.536,-6.90144
4821,107.536,-6.90149
4822,107.535,-6.90158
4823,107.535,-6.90164
4824,107.535,-6.90172
4825,107.535,-6.90182
4826,107.535,-6.90188
4827,107.535,-6.90195
4828,107.535,-6.90202
4829,107.535,-6.90212
4830,107.535,-6.90225
4831,107.537,-6.89289
4832,107.537,-6.8874
4833,107.537,-6.88734
4834,107.536,-6.88711
4835,107.536,-6.88702
4836,107.536,-6.88698
4837,107.536,-6.88695
4838,107.536,-6.88693
4839,107.536,-6.88687
4840,107.536,-6.88681
4841,107.536,-6.88677
4842,107.536,-6.88676
4843,107.536,-6.8867
4844,107.536,-6.88668
4845,107.536,-6.88665
4846,107.536,-6.88663
4847,107.536,-6.88656
4848,107.536,-6.88653
4849,107.536,-6.88645
4850,107.536,-6.88639
4851,107.536,-6.88635
4852,107.536,-6.88616
4853,107.535,-6.88587
4854,107.536,-6.88625
4855,107.536,-6.88641
4856,107.536,-6.88674
4857,107.536,-6.88683
4858,107.536,-6.88699
4859,107.536,-6.88706
4860,107.537,-6.88714
4861,107.539,-6.87896
4862,107.539,-6.87869
4863,107.539,-6.87837
4864,107.539,-6.87829
4865,107.539,-6.87825
4866,107.539,-6.8782
4867,107.539,-6.87816
4868,107.539,-6.87812
4869,107.539,-6.87807
4870,107.539,-6.87803
4871,107.539,-6.878
4872,107.539,-6.87796
4873,107.539,-6.87792
4874,107.539,-6.87788
4875,107.539,-6.87784
4876,107.539,-6.87775
4877,107.539,-6.87771
4878,107.539,-6.87744
4879,107.539,-6.87743
4880,107.539,-6.87746
4881,107.539,-6.87742
4882,107.539,-6.87739
4883,107.539,-6.87737
4884,107.538,-6.87735
4885,107.538,-6.87732
4886,107.538,-6.87729
4887,107.538,-6.87728
4888,107.538,-6.87726
4889,107.538,-6.87724
4890,107.538,-6.87722
4891,107.538,-6.87707
4892,107.537,-6.87437
4893,107.537,-6.87481
4894,107.537,-6.87497
4895,107.537,-6.8766
4896,107.537,-6.87535
4897,107.536,-6.87632
4898,107.537,-6.87654
4899,107.537,-6.87657
4900,107.537,-6.8766
4901,107.537,-6.87675
4902,107.539,-6.87752
4903,107.539,-6.8778
4904,107.537,-6.88208
4905,107.537,-6.88203
4906,107.537,-6.88195
4907,107.537,-6.8819
4908,107.538,-6.88186
4909,107.538,-6.88183
4910,107.538,-6.88178
4911,107.538,-6.88175
4912,107.538,-6.88173
4913,107.538,-6.88169
4914,107.538,-6.88166
4915,107.538,-6.88162
4916,107.538,-6.88157
4917,107.538,-6.88146
4918,107.538,-6.88143
4919,107.538,-6.8814
4920,107.538,-6.88138
4921,107.538,-6.88134
4922,107.538,-6.8813
4923,107.538,-6.88121
4924,107.538,-6.88119
4925,107.538,-6.88107
4926,107.539,-6.88099
4927,107.539,-6.88095
4928,107.539,-6.88093
4929,107.539,-6.88089
4930,107.539,-6.88063
4931,107.539,-6.88052
4932,107.539,-6.88043
4933,107.539,-6.88021
4934,107.539,-6.88018
4935,107.539,-6.88015
4936,107.54,-6.88008
4937,107.54,-6.88004
4938,107.54,-6.87954
4939,107.54,-6.87959
4940,107.54,-6.87961
4941,107.54,-6.87964
4942,107.54,-6.87969
4943,107.54,-6.87973
4944,107.54,-6.87976
4945,107.54,-6.8798
4946,107.54,-6.87989
4947,107.54,-6.87995
4948,107.54,-6.87998
4949,107.54,-6.88003
4950,107.54,-6.88006
4951,107.54,-6.88016
4952,107.54,-6.88019
4953,107.54,-6.88024
4954,107.54,-6.88026
4955,107.539,-6.8803
4956,107.539,-6.88034
4957,107.539,-6.88063
4958,107.539,-6.88065
4959,107.539,-6.88067
4960,107.539,-6.8807
4961,107.539,-6.88075
4962,107.539,-6.88078
4963,107.539,-6.88081
4964,107.539,-6.88084
4965,107.539,-6.88087
4966,107.539,-6.88102
4967,107.539,-6.88106
4968,107.538,-6.88113
4969,107.538,-6.88118
4970,107.538,-6.88122
4971,107.538,-6.88125
4972,107.538,-6.88127
4973,107.538,-6.88142
4974,107.538,-6.88169
4975,107.538,-6.88173
4976,107.538,-6.88183
4977,107.538,-6.88191
4978,107.538,-6.88194
4979,107.538,-6.88199
4980,107.537,-6.88203
4981,107.537,-6.88209
4982,107.537,-6.88215
4983,107.537,-6.88223
4984,107.537,-6.88232
4985,107.537,-6.88241
4986,107.537,-6.88263
4987,107.537,-6.88275
4988,107.537,-6.88287
4989,107.536,-6.88298
4990,107.536,-6.88308
4991,107.536,-6.88322
4992,107.536,-6.8833
4993,107.536,-6.88338
4994,107.536,-6.88343
4995,107.536,-6.88355
4996,107.536,-6.8836
4997,107.536,-6.88363
4998,107.536,-6.88368
4999,107.536,-6.88373
5000,107.535,-6.8838
5001,107.536,-6.89132
5002,107.536,-6.8913
5003,107.536,-6.89128
5004,107.536,-6.89125
5005,107.536,-6.89122
5006,107.536,-6.89119
5007,107.536,-6.89114
5008,107.536,-6.89105
5009,107.536,-6.89097
5010,107.536,-6.89089
5011,107.536,-6.89077
5012,107.536,-6.89072
5013,107.536,-6.89067
5014,107.536,-6.89061
5015,107.536,-6.89058
5016,107.536,-6.89042
5017,107.536,-6.89036
5018,107.536,-6.8903
5019,107.535,-6.89015
5020,107.535,-6.89013
5021,107.535,-6.89003
5022,107.535,-6.88971
5023,107.535,-6.88964
5024,107.535,-6.88953
5025,107.535,-6.88946
5026,107.534,-6.88867
5027,107.533,-6.88791
5028,107.533,-6.8879
5029,107.533,-6.88788
5030,107.533,-6.88783
5031,107.533,-6.88782
5032,107.533,-6.8878
5033,107.533,-6.88776
5034,107.533,-6.88755
5035,107.533,-6.88753
5036,107.533,-6.88752
5037,107.533,-6.88745
5038,107.533,-6.8874
5039,107.532,-6.88589
5040,107.532,-6.88595
5041,107.532,-6.88597
5042,107.532,-6.886
5043,107.532,-6.88603
5044,107.532,-6.88608
5045,107.532,-6.88653
5046,107.533,-6.88698
5047,107.533,-6.88712
5048,107.533,-6.88715
5049,107.533,-6.8872
5050,107.533,-6.88731
5051,107.533,-6.88734
5052,107.534,-6.88819
5053,107.534,-6.88845
5054,107.534,-6.88859
5055,107.534,-6.88873
5056,107.534,-6.88891
5057,107.535,-6.889
5058,107.535,-6.88902
5059,107.535,-6.88909
5060,107.535,-6.88917
5061,107.535,-6.88925
5062,107.535,-6.88931
5063,107.535,-6.88943
5064,107.535,-6.88946
5065,107.535,-6.88958
5066,107.535,-6.88968
5067,107.535,-6.88972
5068,107.535,-6.88973
5069,107.535,-6.88978
5070,107.535,-6.88981
5071,107.535,-6.89011
5072,107.536,-6.89023
5073,107.536,-6.89053
5074,107.536,-6.89068
5075,107.536,-6.89072
5076,107.536,-6.89073
5077,107.536,-6.89078
5078,107.536,-6.89099
5079,107.536,-6.89106
5080,107.536,-6.88711
5081,107.536,-6.8872
5082,107.536,-6.88731
5083,107.536,-6.88738
5084,107.536,-6.88745
5085,107.536,-6.88754
5086,107.536,-6.88766
5087,107.536,-6.88774
5088,107.536,-6.88777
5089,107.536,-6.88784
5090,107.535,-6.88787
5091,107.535,-6.88789
5092,107.535,-6.88797
5093,107.535,-6.88804
5094,107.535,-6.8881
5095,107.535,-6.88816
5096,107.535,-6.88819
5097,107.535,-6.88823
5098,107.535,-6.88831
5099,107.535,-6.88837
5100,107.535,-6.88842
5101,107.535,-6.88847
5102,107.535,-6.88853
5103,107.535,-6.88861
5104,107.535,-6.88867
5105,107.534,-6.88869
5106,107.534,-6.88871
5107,107.534,-6.88874
5108,107.535,-6.88879
5109,107.535,-6.88871
5110,107.535,-6.88866
5111,107.535,-6.88857
5112,107.535,-6.88853
5113,107.535,-6.88846
5114,107.535,-6.88843
5115,107.535,-6.88833
5116,107.535,-6.88825
5117,107.535,-6.8882
5118,107.535,-6.88809
5119,107.535,-6.88798
5120,107.536,-6.88788
5121,107.536,-6.88783
5122,107.536,-6.88775
5123,107.536,-6.88765
5124,107.536,-6.88726
5125,107.564,-6.88325
5126,107.564,-6.88324
5127,107.564,-6.88322
5128,107.564,-6.88321
5129,107.564,-6.8832
5130,107.564,-6.8832
5131,107.563,-6.88319
5132,107.563,-6.88318
5133,107.563,-6.88317
5134,107.563,-6.88316
5135,107.563,-6.88315
5136,107.563,-6.88315
5137,107.563,-6.88313
5138,107.563,-6.88312
5139,107.563,-6.88309
5140,107.563,-6.88308
5141,107.563,-6.88306
5142,107.563,-6.88305
5143,107.563,-6.88297
5144,107.562,-6.88293
5145,107.562,-6.88292
5146,107.562,-6.88291
5147,107.562,-6.88289
5148,107.562,-6.88288
5149,107.562,-6.88286
5150,107.562,-6.88286
5151,107.562,-6.88284
5152,107.562,-6.88284
5153,107.562,-6.88281
5154,107.561,-6.88267
5155,107.561,-6.88258
5156,107.561,-6.88275
5157,107.56,-6.88285
5158,107.56,-6.88287
5159,107.56,-6.88292
5160,107.56,-6.88294
5161,107.56,-6.88296
5162,107.56,-6.88295
5163,107.56,-6.88294
5164,107.56,-6.88292
5165,107.56,-6.8829
5166,107.56,-6.88289
5167,107.56,-6.88289
5168,107.56,-6.88287
5169,107.56,-6.88285
5170,107.56,-6.88283
5171,107.559,-6.88282
5172,107.559,-6.88277
5173,107.559,-6.88273
5174,107.559,-6.88273
5175,107.559,-6.8827
5176,107.559,-6.88268
5177,107.559,-6.88267
5178,107.559,-6.88266
5179,107.559,-6.88263
5180,107.558,-6.88251
5181,107.558,-6.88247
5182,107.56,-6.8828
5183,107.56,-6.88281
5184,107.56,-6.88275
5185,107.56,-6.88265
5186,107.561,-6.88251
5187,107.561,-6.88249
5188,107.561,-6.8826
5189,107.562,-6.88262
5190,107.562,-6.88262
5191,107.562,-6.88267
5192,107.563,-6.88284
5193,107.563,-6.88287
5194,107.563,-6.88287
5195,107.563,-6.88288
5196,107.563,-6.88289
5197,107.563,-6.88292
5198,107.563,-6.88296
5199,107.563,-6.88298
5200,107.563,-6.88299
5201,107.563,-6.883
5202,107.563,-6.88301
5203,107.563,-6.88302
5204,107.563,-6.88306
5205,107.564,-6.88311
5206,107.564,-6.88313
5207,107.564,-6.88315
5208,107.559,-6.88262
5209,107.535,-6.90209
5210,107.535,-6.90198
5211,107.535,-6.90193
5212,107.535,-6.90175
5213,107.535,-6.90169
5214,107.535,-6.90162
5215,107.535,-6.9016
5216,107.535,-6.90159
5217,107.536,-6.90141
5218,107.536,-6.90081
5219,107.536,-6.90075
5220,107.536,-6.90066
5221,107.536,-6.90023
5222,107.536,-6.89814
5223,107.536,-6.89802
5224,107.536,-6.89796
5225,107.536,-6.89794
5226,107.536,-6.89785
5227,107.537,-6.89095
5228,107.537,-6.8909
5229,107.537,-6.89083
5230,107.537,-6.8907
5231,107.537,-6.89027
5232,107.537,-6.89017
5233,107.537,-6.89013
5234,107.537,-6.88996
5235,107.537,-6.88988
5236,107.537,-6.88983
5237,107.537,-6.88981
5238,107.537,-6.88969
5239,107.537,-6.88955
5240,107.537,-6.88901
5241,107.537,-6.88772
5242,107.537,-6.88767
5243,107.538,-6.88652
5244,107.538,-6.88646
5245,107.538,-6.88625
5246,107.538,-6.88616
5247,107.538,-6.88604
5248,107.538,-6.88599
5249,107.538,-6.88597
5250,107.538,-6.88584
5251,107.538,-6.88563
5252,107.538,-6.88656
5253,107.538,-6.88674
5254,107.537,-6.88918
5255,107.537,-6.89053
5256,107.537,-6.89339
5257,107.537,-6.89362
5258,107.537,-6.89445
5259,107.537,-6.8959
5260,107.537,-6.89593
5261,107.537,-6.8961
5262,107.537,-6.89694
5263,107.537,-6.89841
5264,107.537,-6.89864
5265,107.537,-6.89891
5266,107.537,-6.89894
5267,107.537,-6.89897
5268,107.536,-6.89904
5269,107.536,-6.89984
5270,107.536,-6.89999
5271,107.536,-6.90004
5272,107.535,-6.90168
5273,107.535,-6.9017
5274,107.535,-6.90171
5275,107.536,-6.88684
5276,107.536,-6.88672
5277,107.536,-6.88631
5278,107.536,-6.88628
5279,107.536,-6.88622
5280,107.535,-6.88582
5281,107.539,-6.87769
5282,107.539,-6.87766
5283,107.539,-6.87765
5284,107.539,-6.8776
5285,107.539,-6.87756
5286,107.539,-6.87748
5287,107.539,-6.87745
5288,107.539,-6.87744
5289,107.538,-6.8772
5290,107.538,-6.87717
5291,107.538,-6.87714
5292,107.537,-6.87659
5293,107.537,-6.87662
5294,107.537,-6.8767
5295,107.538,-6.88128
5296,107.538,-6.88124
5297,107.539,-6.88091
5298,107.539,-6.88086
5299,107.539,-6.88069
5300,107.539,-6.8806
5301,107.54,-6.88013
5302,107.539,-6.88038
5303,107.539,-6.88041
5304,107.539,-6.88047
5305,107.539,-6.88091
5306,107.539,-6.88093
5307,107.539,-6.88096
5308,107.539,-6.881
5309,107.539,-6.88109
5310,107.538,-6.88116
5311,107.538,-6.8813
5312,107.538,-6.88133
5313,107.538,-6.88135
5314,107.538,-6.88138
5315,107.538,-6.88148
5316,107.538,-6.88152
5317,107.538,-6.88156
5318,107.538,-6.88165
5319,107.538,-6.88179
5320,107.538,-6.88187
5321,107.534,-6.88838
5322,107.534,-6.88835
5323,107.533,-6.88775
5324,107.533,-6.88773
5325,107.533,-6.88771
5326,107.532,-6.88564
5327,107.532,-6.88572
5328,107.533,-6.88694
5329,107.533,-6.88705
5330,107.533,-6.88726
5331,107.533,-6.8873
5332,107.533,-6.88738
5333,107.533,-6.8875
5334,107.533,-6.88757
5335,107.533,-6.88766
5336,107.533,-6.88771
5337,107.533,-6.88773
5338,107.533,-6.88776
5339,107.533,-6.8878
5340,107.533,-6.88784
5341,107.534,-6.8879
5342,107.534,-6.88797
5343,107.534,-6.888
5344,107.534,-6.88825
5345,107.535,-6.88962
5346,107.536,-6.89015
5347,107.536,-6.89027
5348,107.536,-6.89029
5349,107.536,-6.89033
5350,107.534,-6.88806
5351,107.563,-6.88304
5352,107.563,-6.88304
5353,107.563,-6.88301
5354,107.563,-6.883
5355,107.563,-6.88298
5356,107.563,-6.88296
5357,107.562,-6.8828
5358,107.561,-6.88267
5359,107.561,-6.88259
5360,107.561,-6.8826
5361,107.561,-6.88262
5362,107.561,-6.88265
5363,107.561,-6.88268
5364,107.561,-6.88269
5365,107.561,-6.88277
5366,107.561,-6.88278
5367,107.56,-6.88281
5368,107.56,-6.88282
5369,107.559,-6.88275
5370,107.559,-6.88274
5371,107.559,-6.88261
5372,107.559,-6.88259
5373,107.559,-6.88257
5374,107.559,-6.88256
5375,107.559,-6.88255
5376,107.559,-6.88253
5377,107.558,-6.8825
5378,107.558,-6.8825
5379,107.558,-6.88248
5380,107.558,-6.88245
5381,107.558,-6.88244
5382,107.558,-6.88242
5383,107.558,-6.88241
5384,107.558,-6.88239
5385,107.558,-6.88237
5386,107.558,-6.88225
5387,107.558,-6.88227
5388,107.559,-6.88266
5389,107.559,-6.88267
5390,107.559,-6.88269
5391,107.56,-6.88271
5392,107.56,-6.88272
5393,107.56,-6.88274
5394,107.56,-6.88276
5395,107.56,-6.88278
5396,107.56,-6.88279
5397,107.56,-6.88279
5398,107.56,-6.88282
5399,107.56,-6.88282
5400,107.56,-6.88285
5401,107.56,-6.88284
5402,107.56,-6.88281
5403,107.56,-6.8827
5404,107.561,-6.8826
5405,107.561,-6.88256
5406,107.561,-6.88249
5407,107.561,-6.88257
5408,107.561,-6.88259
5409,107.562,-6.88264
5410,107.562,-6.88265
5411,107.563,-6.88284
5412,107.563,-6.88285
5413,107.563,-6.88293
5414,107.563,-6.88294
5415,107.563,-6.88297
5416,107.563,-6.88304
5417,107.563,-6.88307
5418,107.563,-6.88309
5419,107.535,-6.90195
5420,107.537,-6.89126
5421,107.537,-6.89064
5422,107.537,-6.89034
5423,107.537,-6.89032
5424,107.537,-6.89472
5425,107.537,-6.89657
5426,107.537,-6.899
5427,107.536,-6.89993
5428,107.536,-6.90021
5429,107.536,-6.90024
5430,107.537,-6.89023
5431,107.536,-6.90044
5432,107.536,-6.90046
5433,107.536,-6.90047
5434,107.536,-6.90048
5435,107.536,-6.90085
5436,107.536,-6.89048
5437,107.536,-6.89097
5438,107.533,-6.88758
5439,107.54,-6.87891
5440,107.54,-6.87834
5441,107.54,-6.87814
5442,107.54,-6.87804
5443,107.54,-6.87713
5444,107.54,-6.87696
5445,107.541,-6.87611
5446,107.541,-6.87596
5447,107.541,-6.87547
5448,107.541,-6.87521
5449,107.541,-6.87512
5450,107.541,-6.8747
5451,107.54,-6.87842
5452,107.54,-6.87828
5453,107.54,-6.87797
5454,107.54,-6.87701
5455,107.54,-6.87684
5456,107.54,-6.87656
5457,107.541,-6.87605
5458,107.541,-6.87582
5459,107.541,-6.87497
5460,107.541,-6.87459
5461,107.54,-6.8787
5462,107.54,-6.87855
5463,107.54,-6.87791
5464,107.54,-6.87749
5465,107.54,-6.87688
5466,107.54,-6.87671
5467,107.541,-6.87559
5468,107.541,-6.87477
5469,107.542,-6.87435
5470,107.542,-6.87426
5471,107.54,-6.87877
5472,107.54,-6.87859
5473,107.54,-6.8781
5474,107.54,-6.87723
5475,107.541,-6.87593
5476,107.541,-6.87538
5477,107.541,-6.87533
5478,107.541,-6.87492
5479,107.542,-6.87455
5480,107.542,-6.87388
5481,107.538,-6.88556
5482,107.538,-6.88551
5483,107.538,-6.88541
5484,107.538,-6.88532
5485,107.538,-6.88527
5486,107.538,-6.8852
5487,107.539,-6.88512
5488,107.539,-6.88505
5489,107.539,-6.88494
5490,107.539,-6.88487
5491,107.539,-6.88476
5492,107.539,-6.88467
5493,107.539,-6.88458
5494,107.539,-6.88452
5495,107.539,-6.88438
5496,107.539,-6.88431
5497,107.54,-6.88422
5498,107.54,-6.88414
5499,107.54,-6.88409
5500,107.54,-6.88395
5501,107.54,-6.8839
5502,107.54,-6.88383
5503,107.54,-6.88373
5504,107.54,-6.88365
5505,107.54,-6.8836
5506,107.54,-6.88351
5507,107.54,-6.88345
5508,107.54,-6.88338
5509,107.541,-6.88332
5510,107.541,-6.88327
5511,107.541,-6.88319
5512,107.541,-6.88304
5513,107.541,-6.88299
5514,107.541,-6.88296
5515,107.541,-6.88287
5516,107.541,-6.88282
5517,107.541,-6.88278
5518,107.541,-6.88274
5519,107.541,-6.8827
5520,107.541,-6.88267
5521,107.541,-6.88263
5522,107.541,-6.88257
5523,107.542,-6.8825
5524,107.542,-6.88245
5525,107.542,-6.88231
5526,107.542,-6.88223
5527,107.542,-6.88214
5528,107.542,-6.88197
5529,107.542,-6.8819
5530,107.542,-6.88181
5531,107.542,-6.8817
5532,107.543,-6.88163
5533,107.543,-6.88156
5534,107.543,-6.88155
5535,107.543,-6.88146
5536,107.543,-6.88135
5537,107.543,-6.88126
5538,107.543,-6.88122
5539,107.543,-6.88107
5540,107.543,-6.88103
5541,107.543,-6.88086
5542,107.543,-6.88012
5543,107.543,-6.88006
5544,107.543,-6.87994
5545,107.544,-6.87917
5546,107.544,-6.87902
5547,107.544,-6.87894
5548,107.544,-6.87866
5549,107.544,-6.87861
5550,107.544,-6.87852
5551,107.544,-6.87848
5552,107.545,-6.87817
5553,107.545,-6.87806
5554,107.545,-6.878
5555,107.545,-6.87793
5556,107.545,-6.87788
5557,107.545,-6.87783
5558,107.545,-6.87777
5559,107.545,-6.87774
5560,107.545,-6.87765
5561,107.545,-6.87741
5562,107.545,-6.87733
5563,107.545,-6.87731
5564,107.545,-6.87727
5565,107.545,-6.87725
5566,107.545,-6.87712
5567,107.545,-6.87693
5568,107.545,-6.87686
5569,107.546,-6.87681
5570,107.546,-6.87679
5571,107.546,-6.87673
5572,107.546,-6.87669
5573,107.546,-6.87664
5574,107.546,-6.8766
5575,107.546,-6.87658
5576,107.546,-6.87651
5577,107.546,-6.87648
5578,107.546,-6.87645
5579,107.546,-6.87639
5580,107.546,-6.87635
5581,107.546,-6.87628
5582,107.546,-6.87623
5583,107.546,-6.8762
5584,107.546,-6.87632
5585,107.546,-6.87646
5586,107.546,-6.87671
5587,107.545,-6.87697
5588,107.545,-6.87711
5589,107.545,-6.87728
5590,107.545,-6.87741
5591,107.545,-6.87753
5592,107.545,-6.87763
5593,107.545,-6.87775
5594,107.545,-6.87813
5595,107.545,-6.87827
5596,107.544,-6.87835
5597,107.544,-6.87838
5598,107.544,-6.87843
5599,107.544,-6.87845
5600,107.544,-6.87849
5601,107.544,-6.87865
5602,107.544,-6.87878
5603,107.544,-6.87884
5604,107.544,-6.87894
5605,107.544,-6.87901
5606,107.544,-6.87909
5607,107.544,-6.87913
5608,107.544,-6.8793
5609,107.544,-6.87938
5610,107.544,-6.87949
5611,107.544,-6.87959
5612,107.544,-6.87966
5613,107.544,-6.87974
5614,107.543,-6.87986
5615,107.543,-6.88008
5616,107.543,-6.88016
5617,107.543,-6.88109
5618,107.543,-6.88112
5619,107.543,-6.88114
5620,107.543,-6.88121
5621,107.543,-6.8813
5622,107.543,-6.8816
5623,107.543,-6.88162
5624,107.543,-6.88165
5625,107.543,-6.88171
5626,107.543,-6.88173
5627,107.543,-6.88179
5628,107.542,-6.88181
5629,107.542,-6.88188
5630,107.542,-6.88192
5631,107.542,-6.88196
5632,107.542,-6.88199
5633,107.542,-6.88207
5634,107.542,-6.88208
5635,107.542,-6.8821
5636,107.542,-6.88214
5637,107.542,-6.88218
5638,107.542,-6.88224
5639,107.542,-6.88226
5640,107.542,-6.88229
5641,107.542,-6.88233
5642,107.542,-6.88238
5643,107.542,-6.88244
5644,107.542,-6.88249
5645,107.542,-6.88251
5646,107.542,-6.88253
5647,107.542,-6.88256
5648,107.542,-6.88257
5649,107.542,-6.88259
5650,107.542,-6.88261
5651,107.542,-6.88264
5652,107.542,-6.88266
5653,107.541,-6.88269
5654,107.541,-6.88272
5655,107.541,-6.88275
5656,107.541,-6.88277
5657,107.541,-6.8828
5658,107.541,-6.88286
5659,107.541,-6.88294
5660,107.541,-6.88299
5661,107.541,-6.88302
5662,107.541,-6.88304
5663,107.541,-6.88308
5664,107.541,-6.88312
5665,107.541,-6.88315
5666,107.541,-6.88318
5667,107.541,-6.8832
5668,107.541,-6.88324
5669,107.541,-6.88339
5670,107.541,-6.88344
5671,107.541,-6.88347
5672,107.541,-6.88352
5673,107.54,-6.88362
5674,107.54,-6.88361
5675,107.54,-6.88363
5676,107.54,-6.88365
5677,107.54,-6.88367
5678,107.54,-6.88369
5679,107.54,-6.88371
5680,107.54,-6.88373
5681,107.54,-6.88376
5682,107.54,-6.88378
5683,107.54,-6.88396
5684,107.54,-6.88404
5685,107.54,-6.88409
5686,107.54,-6.88418
5687,107.54,-6.88428
5688,107.54,-6.88435
5689,107.539,-6.88441
5690,107.539,-6.88448
5691,107.539,-6.88454
5692,107.539,-6.88466
5693,107.539,-6.88471
5694,107.539,-6.88478
5695,107.539,-6.88481
5696,107.539,-6.88486
5697,107.539,-6.88492
5698,107.539,-6.88498
5699,107.539,-6.88509
5700,107.539,-6.88513
5701,107.539,-6.88518
5702,107.539,-6.88525
5703,107.538,-6.88533
5704,107.555,-6.89833
5705,107.555,-6.89834
5706,107.555,-6.89837
5707,107.555,-6.89837
5708,107.555,-6.8984
5709,107.555,-6.89839
5710,107.554,-6.89847
5711,107.554,-6.89846
5712,107.554,-6.89848
5713,107.554,-6.89853
5714,107.553,-6.89874
5715,107.553,-6.89876
5716,107.553,-6.89876
5717,107.553,-6.89879
5718,107.553,-6.8988
5719,107.553,-6.89881
5720,107.553,-6.89881
5721,107.553,-6.89881
5722,107.553,-6.89884
5723,107.553,-6.89886
5724,107.554,-6.89871
5725,107.554,-6.8986
5726,107.554,-6.89854
5727,107.553,-6.89887
5728,107.553,-6.89887
5729,107.553,-6.89887
5730,107.553,-6.89887
5731,107.553,-6.89887
5732,107.553,-6.89892
5733,107.553,-6.89896
5734,107.553,-6.89882
5735,107.553,-6.89884
5736,107.553,-6.89885
5737,107.543,-6.90173
5738,107.543,-6.90168
5739,107.543,-6.90165
5740,107.544,-6.90153
5741,107.544,-6.90141
5742,107.542,-6.90237
5743,107.541,-6.90248
5744,107.541,-6.90255
5745,107.541,-6.90259
5746,107.539,-6.90265
5747,107.539,-6.90266
5748,107.539,-6.90267
5749,107.539,-6.90269
5750,107.538,-6.90269
5751,107.538,-6.9027
5752,107.538,-6.90271
5753,107.538,-6.90275
5754,107.538,-6.90276
5755,107.538,-6.90276
5756,107.537,-6.90277
5757,107.537,-6.90278
5758,107.537,-6.9028
5759,107.537,-6.90282
5760,107.537,-6.90282
5761,107.536,-6.90284
5762,107.537,-6.90273
5763,107.537,-6.90271
5764,107.537,-6.90265
5765,107.537,-6.90264
5766,107.538,-6.90264
5767,107.538,-6.90263
5768,107.538,-6.90262
5769,107.538,-6.90262
5770,107.538,-6.9026
5771,107.538,-6.90259
5772,107.539,-6.90259
5773,107.539,-6.90255
5774,107.54,-6.90251
5775,107.542,-6.90214
5776,107.542,-6.90196
5777,107.543,-6.90183
5778,107.543,-6.90176
5779,107.543,-6.90172
5780,107.543,-6.90167
5781,107.544,-6.90165
5782,107.544,-6.90144
5783,107.542,-6.90218
5784,107.542,-6.90232
5785,107.541,-6.90255
5786,107.541,-6.90255
5787,107.54,-6.90258
5788,107.539,-6.90266
5789,107.539,-6.90266
5790,107.539,-6.90265
5791,107.539,-6.90267
5792,107.538,-6.90268
5793,107.538,-6.9027
5794,107.538,-6.90271
5795,107.538,-6.90272
5796,107.538,-6.90272
5797,107.538,-6.90274
5798,107.537,-6.90276
5799,107.537,-6.90277
5800,107.537,-6.90282
5801,107.537,-6.90284
5802,107.537,-6.90283
5803,107.536,-6.90283
5804,107.537,-6.90269
5805,107.537,-6.90268
5806,107.537,-6.90268
5807,107.537,-6.90266
5808,107.538,-6.90265
5809,107.538,-6.90263
5810,107.538,-6.90261
5811,107.538,-6.90261
5812,107.538,-6.90262
5813,107.538,-6.9026
5814,107.539,-6.9026
5815,107.539,-6.90253
5816,107.54,-6.90251
5817,107.542,-6.90209
5818,107.543,-6.90186
5819,107.543,-6.90181
5820,107.543,-6.90174
5821,107.543,-6.9017
5822,107.543,-6.90168
5823,107.544,-6.90156
5824,107.542,-6.90229
5825,107.541,-6.90244
5826,107.541,-6.90253
5827,107.541,-6.90259
5828,107.54,-6.90263
5829,107.539,-6.90267
5830,107.539,-6.90267
5831,107.539,-6.90269
5832,107.539,-6.90269
5833,107.538,-6.90269
5834,107.538,-6.9027
5835,107.538,-6.90271
5836,107.538,-6.90275
5837,107.538,-6.90274
5838,107.537,-6.90278
5839,107.537,-6.90278
5840,107.537,-6.90279
5841,107.537,-6.90283
5842,107.537,-6.90281
5843,107.536,-6.90282
5844,107.536,-6.90286
5845,107.537,-6.9027
5846,107.537,-6.90271
5847,107.537,-6.90271
5848,107.537,-6.90273
5849,107.538,-6.90267
5850,107.538,-6.90266
5851,107.538,-6.90266
5852,107.538,-6.90267
5853,107.538,-6.90262
5854,107.538,-6.90264
5855,107.539,-6.90263
5856,107.54,-6.90256
5857,107.541,-6.90239
5858,107.542,-6.90202
5859,107.543,-6.90184
5860,107.543,-6.90182
5861,107.544,-6.90129
5862,107.544,-6.90135
5863,107.545,-6.90112
5864,107.545,-6.90118
5865,107.545,-6.90118
5866,107.545,-6.90104
5867,107.546,-6.9009
5868,107.545,-6.90114
5869,107.545,-6.90114
5870,107.545,-6.90116
5871,107.545,-6.90103
5872,107.546,-6.90095
5873,107.546,-6.90079
5874,107.547,-6.90043
5875,107.545,-6.90115
5876,107.545,-6.90116
5877,107.545,-6.90112
5878,107.545,-6.90113
5879,107.546,-6.90102
5880,107.546,-6.90093
5881,107.546,-6.90076
5882,107.548,-6.90033
5883,107.547,-6.9005
5884,107.546,-6.90091
5885,107.546,-6.90076
5886,107.548,-6.90025
5887,107.55,-6.89983
5888,107.551,-6.89955
5889,107.549,-6.90005
5890,107.547,-6.90063
5891,107.546,-6.90087
5892,107.546,-6.90104
5893,107.545,-6.90115
5894,107.545,-6.90121
5895,107.545,-6.90138
5896,107.55,-6.8997
5897,107.547,-6.90057
5898,107.547,-6.90076
5899,107.546,-6.90093
5900,107.546,-6.90111
5901,107.545,-6.90121
5902,107.545,-6.90125
5903,107.55,-6.89963
5904,107.547,-6.90074
5905,107.546,-6.90095
5906,107.546,-6.90111
5907,107.545,-6.90113
5908,107.545,-6.90131
5909,107.558,-6.89741
5910,107.558,-6.89742
5911,107.558,-6.8974
5912,107.558,-6.89746
5913,107.557,-6.89749
5914,107.557,-6.89751
5915,107.557,-6.89753
5916,107.557,-6.89752
5917,107.557,-6.89755
5918,107.557,-6.89764
5919,107.557,-6.89763
5920,107.556,-6.89774
5921,107.556,-6.89786
5922,107.55,-6.89967
5923,107.551,-6.89944
5924,107.552,-6.89929
5925,107.552,-6.89912
5926,107.552,-6.89899
5927,107.553,-6.89886
5928,107.553,-6.89873
5929,107.553,-6.8987
5930,107.557,-6.89765
5931,107.557,-6.89749
5932,107.552,-6.89911
5933,107.551,-6.89939
5934,107.55,-6.89975
5935,107.55,-6.89967
5936,107.55,-6.89959
5937,107.551,-6.89936
5938,107.552,-6.89905
5939,107.552,-6.899
5940,107.552,-6.89893
5941,107.553,-6.89882
5942,107.553,-6.89874
5943,107.553,-6.8987
5944,107.553,-6.89864
5945,107.554,-6.89856
5946,107.554,-6.89851
5947,107.557,-6.89764
5948,107.557,-6.89757
5949,107.557,-6.8974
5950,107.558,-6.89726
5951,107.552,-6.89909
5952,107.552,-6.89922
5953,107.551,-6.89941
5954,107.55,-6.89963
5955,107.55,-6.89963
5956,107.551,-6.89945
5957,107.552,-6.8991
5958,107.552,-6.89903
5959,107.552,-6.89898
5960,107.552,-6.89893
5961,107.553,-6.89873
5962,107.553,-6.89869
5963,107.553,-6.89865
5964,107.554,-6.89853
5965,107.554,-6.89851
5966,107.557,-6.89756
5967,107.557,-6.89746
5968,107.558,-6.89734
5969,107.553,-6.89897
5970,107.552,-6.89906
5971,107.551,-6.8993
5972,107.551,-6.8995
5973,107.559,-6.89711
5974,107.559,-6.89709
5975,107.559,-6.89709
5976,107.559,-6.89712
5977,107.558,-6.89737
5978,107.558,-6.89739
5979,107.558,-6.89737
